name,price,seller,reviews,stars
Zapatilla Adidas SPW Cloudfoam Lite Racer,"47,50 €", de Zona MARCA,0,0
Nike Zoom Train Complete Zapatillas de entrenamiento - Hombre - Negro,"65,97 €", en 2 tiendas,(20),4.9 de 5 estrellas
ASICS GEL DEDICATE 5 AZUL,"39,99 €", en 4 tiendas,(2),4 de 5 estrellas
zapatilla deportiva de niños NIKE TANJUN negro blanco.,"34,99 €", en más de 5 tiendas,(271),4.7 de 5 estrellas
Nike SB Delta Force Vulc Zapatillas de skateboard - Hombre - Blanco,"55,00 €", de Nike Oficial,(25),4.1 de 5 estrellas
Nike MD Runner 2 Zapatillas - Hombre - Azul,"65,00 €", en más de 5 tiendas,(276),4.5 de 5 estrellas
ADIDAS ALTASPORT BLANCO NIÑOS,"21,99 €", en más de 5 tiendas,(1.126),4.6 de 5 estrellas
Nike Tanjun Zapatillas - Hombre - Negro,"65,00 €", en 3 tiendas,(1.540),4.7 de 5 estrellas
NikeCourt Borough Low Zapatillas - Hombre - Blanco,"60,00 €", en 3 tiendas,(119),4.6 de 5 estrellas
adidas Zapatilla Gazelle,"38,46 €", en 4 tiendas,(738),4.7 de 5 estrellas
Converse star player ev ox,"40,00 €", en 4 tiendas,(19),4.4 de 5 estrellas
Nike SB Check Solarsoft Zapatillas de skateboard - Hombre - Negro,"60,00 €", en 2 tiendas,(263),4.6 de 5 estrellas
adidas Zapatilla ZX Flux,"59,95 €", en más de 5 tiendas,(1.184),4.7 de 5 estrellas
Nike Court Borough Mid Zapatillas - Mujer - Blanco,"70,00 €", en más de 5 tiendas,(49),4.7 de 5 estrellas
Nike Court Borough Low Zapatillas - Mujer - Blanco,"60,00 €", en 2 tiendas,(54),4.4 de 5 estrellas
Mustang Zapatillas Deporte Mtng Blanco,"20,99 €", en 2 tiendas,0,0
NIKE COURT LITE BLANCO,"44,99 €", en más de 5 tiendas,(14),4 de 5 estrellas
NIKE COURT LITE MUJER BLANCO,"44,99 €", en más de 5 tiendas,(58),4.2 de 5 estrellas
"Zapatillas de halterofilia Adidas Powerlift 3.1 UK 12.5, Negro ...","60,80 €", en 2 tiendas,(878),4.7 de 5 estrellas
adidas Zapatilla Los Angeles,"41,96 €", en 2 tiendas,(265),4.7 de 5 estrellas
Nike Zoom Shift Zapatillas de baloncesto - Mujer - Blanco,"100,00 €", de Nike Oficial,(4),1.5 de 5 estrellas
zapatillas de carretera ekoi strada cristal negro,"77,99 €", de Ekoï ES,0,0
Nike Zoom Train Incredibly Fast Zapatillas de entrenamiento ...,"53,97 €", de Nike Oficial,(12),4.8 de 5 estrellas
GANT Zapatillas Andrew - Marine,"50,00 €", en 2 tiendas,0,0
H&M; - Zapatillas de casa blandas - Gris - Niños,"12,99 €", de H&M,0,0
Nike Pico 4,"18,99 €", en más de 5 tiendas,(153),4.7 de 5 estrellas
Nike Zoom All Out Low Zapatillas de Running - Hombre - Rojo,"97,97 €", de Nike Oficial,(16),3.8 de 5 estrellas
Nike Dualtone Racer SE Zapatillas - Mujer - Marrón,"66,47 €", en 3 tiendas,(9),4.4 de 5 estrellas
Nike Free RN Flyknit 2017 Zapatillas de running - Hombre - no ...,"90,97 €", de Nike Oficial,(161),4.1 de 5 estrellas
Nike Internationalist SE Zapatillas - Hombre - Oliva,"90,00 €", en 4 tiendas,0,0
Nike Free RN 2017 Zapatillas de running - Hombre - Blanco,"76,97 €", en 3 tiendas,(240),4.5 de 5 estrellas
Nike Team Hustle Junior blanco,"32,99 €", en 2 tiendas,(100),4.7 de 5 estrellas
Nike Zapatillas Nike Air Force 1 Blanco Kids,"26,95 €", en más de 5 tiendas,(66),4.8 de 5 estrellas
Nike Air VaporMax Zapatillas de running - Hombre - Azul,"190,00 €", en 3 tiendas,(226),4 de 5 estrellas
Nike MD Runner 2 Zapatillas - Mujer - Negro,"65,00 €", en más de 5 tiendas,(87),4.5 de 5 estrellas
Nike Court Royale Zapatillas - Hombre - Blanco,"55,00 €", en más de 5 tiendas,(126),4.7 de 5 estrellas
Nike Classic Cortez Premium Zapatillas - Mujer - Marrón,"62,97 €", en 3 tiendas,(64),4.6 de 5 estrellas
Zapatilla Nike MD Runner 2 junior,"22,47 €", en más de 5 tiendas,(31),4.5 de 5 estrellas
adidas Zapatilla Kanadia 8.1,"41,96 €", en 2 tiendas,(40),4.5 de 5 estrellas
ZAPATILLA MODA HOMBRE CLOUDFOAM ADVANTAGE,"49,99 €", en más de 5 tiendas,(411),4.4 de 5 estrellas
